--
-- PostgreSQL database dump
--

\restrict VkcpCUE6dwmgIiuynbaA0d61axHWUioR3CxJDIBzy6eXrKoxCPfdlAmlyIqnu9h

-- Dumped from database version 15.15
-- Dumped by pg_dump version 15.15

-- Started on 2026-01-23 21:40:07

SET statement_timeout = 0;
SET lock_timeout = 0;
SET idle_in_transaction_session_timeout = 0;
SET client_encoding = 'UTF8';
SET standard_conforming_strings = on;
SELECT pg_catalog.set_config('search_path', '', false);
SET check_function_bodies = false;
SET xmloption = content;
SET client_min_messages = warning;
SET row_security = off;

SET default_tablespace = '';

SET default_table_access_method = heap;

--
-- TOC entry 215 (class 1259 OID 16435)
-- Name: facilitati; Type: TABLE; Schema: public; Owner: -
--

CREATE TABLE public.facilitati (
    id_facilitate integer NOT NULL,
    denumire character varying(100) NOT NULL
);


--
-- TOC entry 214 (class 1259 OID 16434)
-- Name: facilitati_id_facilitate_seq; Type: SEQUENCE; Schema: public; Owner: -
--

CREATE SEQUENCE public.facilitati_id_facilitate_seq
    AS integer
    START WITH 1
    INCREMENT BY 1
    NO MINVALUE
    NO MAXVALUE
    CACHE 1;


--
-- TOC entry 3400 (class 0 OID 0)
-- Dependencies: 214
-- Name: facilitati_id_facilitate_seq; Type: SEQUENCE OWNED BY; Schema: public; Owner: -
--

ALTER SEQUENCE public.facilitati_id_facilitate_seq OWNED BY public.facilitati.id_facilitate;


--
-- TOC entry 218 (class 1259 OID 25853)
-- Name: plati; Type: TABLE; Schema: public; Owner: -
--

CREATE TABLE public.plati (
    data_plata date NOT NULL,
    id_plata integer NOT NULL,
    id_rezervare integer NOT NULL,
    suma double precision NOT NULL,
    metoda_plata character varying(50) NOT NULL
);


--
-- TOC entry 217 (class 1259 OID 25852)
-- Name: plati_id_plata_seq; Type: SEQUENCE; Schema: public; Owner: -
--

ALTER TABLE public.plati ALTER COLUMN id_plata ADD GENERATED BY DEFAULT AS IDENTITY (
    SEQUENCE NAME public.plati_id_plata_seq
    START WITH 1
    INCREMENT BY 1
    NO MINVALUE
    NO MAXVALUE
    CACHE 1
);


--
-- TOC entry 220 (class 1259 OID 25861)
-- Name: recenzii; Type: TABLE; Schema: public; Owner: -
--

CREATE TABLE public.recenzii (
    data_recenzii date NOT NULL,
    id_recenzie integer NOT NULL,
    id_spatiu integer NOT NULL,
    id_utilizator integer NOT NULL,
    rating integer NOT NULL,
    comentariu character varying(500)
);


--
-- TOC entry 219 (class 1259 OID 25860)
-- Name: recenzii_id_recenzie_seq; Type: SEQUENCE; Schema: public; Owner: -
--

ALTER TABLE public.recenzii ALTER COLUMN id_recenzie ADD GENERATED BY DEFAULT AS IDENTITY (
    SEQUENCE NAME public.recenzii_id_recenzie_seq
    START WITH 1
    INCREMENT BY 1
    NO MINVALUE
    NO MAXVALUE
    CACHE 1
);


--
-- TOC entry 222 (class 1259 OID 25869)
-- Name: rezervari; Type: TABLE; Schema: public; Owner: -
--

CREATE TABLE public.rezervari (
    data_end date NOT NULL,
    data_start date NOT NULL,
    id_rezervare integer NOT NULL,
    id_spatiu integer NOT NULL,
    id_utilizator integer NOT NULL,
    status character varying(20) NOT NULL,
    pret_total numeric(10,2)
);


--
-- TOC entry 221 (class 1259 OID 25868)
-- Name: rezervari_id_rezervare_seq; Type: SEQUENCE; Schema: public; Owner: -
--

ALTER TABLE public.rezervari ALTER COLUMN id_rezervare ADD GENERATED BY DEFAULT AS IDENTITY (
    SEQUENCE NAME public.rezervari_id_rezervare_seq
    START WITH 1
    INCREMENT BY 1
    NO MINVALUE
    NO MAXVALUE
    CACHE 1
);


--
-- TOC entry 224 (class 1259 OID 25875)
-- Name: spatii; Type: TABLE; Schema: public; Owner: -
--

CREATE TABLE public.spatii (
    capacitate integer NOT NULL,
    disponibilitate boolean NOT NULL,
    id_spatiu integer NOT NULL,
    id_tip integer NOT NULL,
    pret_pe_ora double precision NOT NULL,
    nume_spatiu character varying(100) NOT NULL,
    descriere text
);


--
-- TOC entry 216 (class 1259 OID 16441)
-- Name: spatii_facilitati; Type: TABLE; Schema: public; Owner: -
--

CREATE TABLE public.spatii_facilitati (
    id_spatiu integer NOT NULL,
    id_facilitate integer NOT NULL
);


--
-- TOC entry 223 (class 1259 OID 25874)
-- Name: spatii_id_spatiu_seq; Type: SEQUENCE; Schema: public; Owner: -
--

ALTER TABLE public.spatii ALTER COLUMN id_spatiu ADD GENERATED BY DEFAULT AS IDENTITY (
    SEQUENCE NAME public.spatii_id_spatiu_seq
    START WITH 1
    INCREMENT BY 1
    NO MINVALUE
    NO MAXVALUE
    CACHE 1
);


--
-- TOC entry 226 (class 1259 OID 25881)
-- Name: tipuri_spatii; Type: TABLE; Schema: public; Owner: -
--

CREATE TABLE public.tipuri_spatii (
    id_tip integer NOT NULL,
    denumire character varying(50) NOT NULL
);


--
-- TOC entry 225 (class 1259 OID 25880)
-- Name: tipuri_spatii_id_tip_seq; Type: SEQUENCE; Schema: public; Owner: -
--

ALTER TABLE public.tipuri_spatii ALTER COLUMN id_tip ADD GENERATED BY DEFAULT AS IDENTITY (
    SEQUENCE NAME public.tipuri_spatii_id_tip_seq
    START WITH 1
    INCREMENT BY 1
    NO MINVALUE
    NO MAXVALUE
    CACHE 1
);


--
-- TOC entry 228 (class 1259 OID 25889)
-- Name: utilizatori; Type: TABLE; Schema: public; Owner: -
--

CREATE TABLE public.utilizatori (
    data_inregistrare date,
    id_utilizator integer NOT NULL,
    nume character varying(50) NOT NULL,
    prenume character varying(50) NOT NULL,
    email character varying(100) NOT NULL,
    parola character varying(255) NOT NULL,
    rol character varying(255) NOT NULL
);


--
-- TOC entry 227 (class 1259 OID 25888)
-- Name: utilizatori_id_utilizator_seq; Type: SEQUENCE; Schema: public; Owner: -
--

ALTER TABLE public.utilizatori ALTER COLUMN id_utilizator ADD GENERATED BY DEFAULT AS IDENTITY (
    SEQUENCE NAME public.utilizatori_id_utilizator_seq
    START WITH 1
    INCREMENT BY 1
    NO MINVALUE
    NO MAXVALUE
    CACHE 1
);


--
-- TOC entry 3207 (class 2604 OID 16438)
-- Name: facilitati id_facilitate; Type: DEFAULT; Schema: public; Owner: -
--

ALTER TABLE ONLY public.facilitati ALTER COLUMN id_facilitate SET DEFAULT nextval('public.facilitati_id_facilitate_seq'::regclass);


--
-- TOC entry 3381 (class 0 OID 16435)
-- Dependencies: 215
-- Data for Name: facilitati; Type: TABLE DATA; Schema: public; Owner: -
--

COPY public.facilitati (id_facilitate, denumire) FROM stdin;
1	WiFi 6
2	Proiector
3	Whiteboard
4	Cafea
5	Parcare
6	Microfon Profi
\.


--
-- TOC entry 3384 (class 0 OID 25853)
-- Dependencies: 218
-- Data for Name: plati; Type: TABLE DATA; Schema: public; Owner: -
--

COPY public.plati (data_plata, id_plata, id_rezervare, suma, metoda_plata) FROM stdin;
2026-01-12	1	1	50	Card
2026-01-12	2	2	300	Transfer
2026-01-13	3	4	40	Cash
2026-01-13	4	5	15	Card
2026-01-14	5	6	160	Card
2026-01-14	6	3	60	Transfer
2026-01-23	11	23	150	Card Bancar
\.


--
-- TOC entry 3386 (class 0 OID 25861)
-- Dependencies: 220
-- Data for Name: recenzii; Type: TABLE DATA; Schema: public; Owner: -
--

COPY public.recenzii (data_recenzii, id_recenzie, id_spatiu, id_utilizator, rating, comentariu) FROM stdin;
2026-01-16	1	1	1	5	Perfect pentru lucru!
2026-01-17	2	2	3	4	Sala mare, dotari bune.
2026-01-18	3	3	4	3	Cam frig in camera.
2026-01-19	4	4	5	5	Atmosfera super!
2026-01-20	5	5	6	5	Izolare fonica buna.
2026-01-21	6	6	1	5	Echipament de top.
\.


--
-- TOC entry 3388 (class 0 OID 25869)
-- Dependencies: 222
-- Data for Name: rezervari; Type: TABLE DATA; Schema: public; Owner: -
--

COPY public.rezervari (data_end, data_start, id_rezervare, id_spatiu, id_utilizator, status, pret_total) FROM stdin;
2026-01-15	2026-01-15	1	1	1	CONFIRMATA	\N
2026-01-16	2026-01-16	2	2	3	IN ASTEPTARE	\N
2026-01-17	2026-01-17	3	3	4	ANULATA	\N
2026-01-18	2026-01-18	4	4	5	CONFIRMATA	\N
2026-01-19	2026-01-19	5	5	6	CONFIRMATA	\N
2026-01-20	2026-01-20	6	6	1	IN ASTEPTARE	\N
2026-01-21	2026-01-21	17	3	17	CONFIRMATA	60.00
2026-01-23	2026-01-23	23	2	42	CONFIRMATA	150.00
\.


--
-- TOC entry 3390 (class 0 OID 25875)
-- Dependencies: 224
-- Data for Name: spatii; Type: TABLE DATA; Schema: public; Owner: -
--

COPY public.spatii (capacitate, disponibilitate, id_spatiu, id_tip, pret_pe_ora, nume_spatiu, descriere) FROM stdin;
1	t	1	1	25	Birou 101	\N
50	t	2	2	150	Sala Grand Events	\N
10	t	3	3	60	Meeting Room A	\N
30	t	4	4	20	Hot Desk Zone	\N
1	t	5	5	15	Silent Box 1	\N
3	t	6	6	80	Podcast Studio	\N
\.


--
-- TOC entry 3382 (class 0 OID 16441)
-- Dependencies: 216
-- Data for Name: spatii_facilitati; Type: TABLE DATA; Schema: public; Owner: -
--

COPY public.spatii_facilitati (id_spatiu, id_facilitate) FROM stdin;
1	1
1	3
2	2
3	3
4	4
6	6
\.


--
-- TOC entry 3392 (class 0 OID 25881)
-- Dependencies: 226
-- Data for Name: tipuri_spatii; Type: TABLE DATA; Schema: public; Owner: -
--

COPY public.tipuri_spatii (id_tip, denumire) FROM stdin;
1	Birou Individual
2	Sala Conferinte
3	Sala Sedinte
4	Hub Co-working
5	Cabina Telefonica
6	Studio Creativ
\.


--
-- TOC entry 3394 (class 0 OID 25889)
-- Dependencies: 228
-- Data for Name: utilizatori; Type: TABLE DATA; Schema: public; Owner: -
--

COPY public.utilizatori (data_inregistrare, id_utilizator, nume, prenume, email, parola, rol) FROM stdin;
2026-01-01	1	Ionescu	Mihai	mihai@test.ro	parola123	CLIENT
2026-01-02	2	Popa	Andreea	andreea@test.ro	parola222	ADMIN
2026-01-03	3	Stanescu	Dan	dan.s@gmail.com	pass333	CLIENT
2026-01-04	4	Dumitru	Elena	elena.d@yahoo.com	pass444	CLIENT
2026-01-05	5	Lupu	Victor	victor.l@test.ro	pass555	CLIENT
2026-01-06	6	Marinescu	Ioana	ioana.m@gmail.com	pass666	CLIENT
2026-01-21	17	Radu	Razvan	radu7@gmail.com	client123	CLIENT
2026-01-22	22	radu	tanase	radu@gmail.ro	client123	CLIENT
2026-01-23	42	Alex	Iulian	alexiulian101@gmail.com	client123	CLIENT
\.


--
-- TOC entry 3401 (class 0 OID 0)
-- Dependencies: 214
-- Name: facilitati_id_facilitate_seq; Type: SEQUENCE SET; Schema: public; Owner: -
--

SELECT pg_catalog.setval('public.facilitati_id_facilitate_seq', 1, false);


--
-- TOC entry 3402 (class 0 OID 0)
-- Dependencies: 217
-- Name: plati_id_plata_seq; Type: SEQUENCE SET; Schema: public; Owner: -
--

SELECT pg_catalog.setval('public.plati_id_plata_seq', 11, true);


--
-- TOC entry 3403 (class 0 OID 0)
-- Dependencies: 219
-- Name: recenzii_id_recenzie_seq; Type: SEQUENCE SET; Schema: public; Owner: -
--

SELECT pg_catalog.setval('public.recenzii_id_recenzie_seq', 6, true);


--
-- TOC entry 3404 (class 0 OID 0)
-- Dependencies: 221
-- Name: rezervari_id_rezervare_seq; Type: SEQUENCE SET; Schema: public; Owner: -
--

SELECT pg_catalog.setval('public.rezervari_id_rezervare_seq', 23, true);


--
-- TOC entry 3405 (class 0 OID 0)
-- Dependencies: 223
-- Name: spatii_id_spatiu_seq; Type: SEQUENCE SET; Schema: public; Owner: -
--

SELECT pg_catalog.setval('public.spatii_id_spatiu_seq', 1, false);


--
-- TOC entry 3406 (class 0 OID 0)
-- Dependencies: 225
-- Name: tipuri_spatii_id_tip_seq; Type: SEQUENCE SET; Schema: public; Owner: -
--

SELECT pg_catalog.setval('public.tipuri_spatii_id_tip_seq', 1, false);


--
-- TOC entry 3407 (class 0 OID 0)
-- Dependencies: 227
-- Name: utilizatori_id_utilizator_seq; Type: SEQUENCE SET; Schema: public; Owner: -
--

SELECT pg_catalog.setval('public.utilizatori_id_utilizator_seq', 42, true);


--
-- TOC entry 3209 (class 2606 OID 16440)
-- Name: facilitati facilitati_pkey; Type: CONSTRAINT; Schema: public; Owner: -
--

ALTER TABLE ONLY public.facilitati
    ADD CONSTRAINT facilitati_pkey PRIMARY KEY (id_facilitate);


--
-- TOC entry 3213 (class 2606 OID 25859)
-- Name: plati plati_id_rezervare_key; Type: CONSTRAINT; Schema: public; Owner: -
--

ALTER TABLE ONLY public.plati
    ADD CONSTRAINT plati_id_rezervare_key UNIQUE (id_rezervare);


--
-- TOC entry 3215 (class 2606 OID 25857)
-- Name: plati plati_pkey; Type: CONSTRAINT; Schema: public; Owner: -
--

ALTER TABLE ONLY public.plati
    ADD CONSTRAINT plati_pkey PRIMARY KEY (id_plata);


--
-- TOC entry 3217 (class 2606 OID 25867)
-- Name: recenzii recenzii_pkey; Type: CONSTRAINT; Schema: public; Owner: -
--

ALTER TABLE ONLY public.recenzii
    ADD CONSTRAINT recenzii_pkey PRIMARY KEY (id_recenzie);


--
-- TOC entry 3219 (class 2606 OID 25873)
-- Name: rezervari rezervari_pkey; Type: CONSTRAINT; Schema: public; Owner: -
--

ALTER TABLE ONLY public.rezervari
    ADD CONSTRAINT rezervari_pkey PRIMARY KEY (id_rezervare);


--
-- TOC entry 3211 (class 2606 OID 16445)
-- Name: spatii_facilitati spatii_facilitati_pkey; Type: CONSTRAINT; Schema: public; Owner: -
--

ALTER TABLE ONLY public.spatii_facilitati
    ADD CONSTRAINT spatii_facilitati_pkey PRIMARY KEY (id_spatiu, id_facilitate);


--
-- TOC entry 3221 (class 2606 OID 25879)
-- Name: spatii spatii_pkey; Type: CONSTRAINT; Schema: public; Owner: -
--

ALTER TABLE ONLY public.spatii
    ADD CONSTRAINT spatii_pkey PRIMARY KEY (id_spatiu);


--
-- TOC entry 3223 (class 2606 OID 25887)
-- Name: tipuri_spatii tipuri_spatii_denumire_key; Type: CONSTRAINT; Schema: public; Owner: -
--

ALTER TABLE ONLY public.tipuri_spatii
    ADD CONSTRAINT tipuri_spatii_denumire_key UNIQUE (denumire);


--
-- TOC entry 3225 (class 2606 OID 25885)
-- Name: tipuri_spatii tipuri_spatii_pkey; Type: CONSTRAINT; Schema: public; Owner: -
--

ALTER TABLE ONLY public.tipuri_spatii
    ADD CONSTRAINT tipuri_spatii_pkey PRIMARY KEY (id_tip);


--
-- TOC entry 3227 (class 2606 OID 25897)
-- Name: utilizatori utilizatori_email_key; Type: CONSTRAINT; Schema: public; Owner: -
--

ALTER TABLE ONLY public.utilizatori
    ADD CONSTRAINT utilizatori_email_key UNIQUE (email);


--
-- TOC entry 3229 (class 2606 OID 25895)
-- Name: utilizatori utilizatori_pkey; Type: CONSTRAINT; Schema: public; Owner: -
--

ALTER TABLE ONLY public.utilizatori
    ADD CONSTRAINT utilizatori_pkey PRIMARY KEY (id_utilizator);


--
-- TOC entry 3235 (class 2606 OID 25913)
-- Name: rezervari fk1ioaiqvmu92og47fk6xfv012u; Type: FK CONSTRAINT; Schema: public; Owner: -
--

ALTER TABLE ONLY public.rezervari
    ADD CONSTRAINT fk1ioaiqvmu92og47fk6xfv012u FOREIGN KEY (id_spatiu) REFERENCES public.spatii(id_spatiu);


--
-- TOC entry 3233 (class 2606 OID 25908)
-- Name: recenzii fk3osx9l45ivgfsnjxmb4q38vvv; Type: FK CONSTRAINT; Schema: public; Owner: -
--

ALTER TABLE ONLY public.recenzii
    ADD CONSTRAINT fk3osx9l45ivgfsnjxmb4q38vvv FOREIGN KEY (id_utilizator) REFERENCES public.utilizatori(id_utilizator);


--
-- TOC entry 3231 (class 2606 OID 25974)
-- Name: plati fk_rezervare_plata; Type: FK CONSTRAINT; Schema: public; Owner: -
--

ALTER TABLE ONLY public.plati
    ADD CONSTRAINT fk_rezervare_plata FOREIGN KEY (id_rezervare) REFERENCES public.rezervari(id_rezervare) ON DELETE CASCADE;


--
-- TOC entry 3236 (class 2606 OID 25918)
-- Name: rezervari fkhldnh0yt1p63m7ehcw3q8t30n; Type: FK CONSTRAINT; Schema: public; Owner: -
--

ALTER TABLE ONLY public.rezervari
    ADD CONSTRAINT fkhldnh0yt1p63m7ehcw3q8t30n FOREIGN KEY (id_utilizator) REFERENCES public.utilizatori(id_utilizator);


--
-- TOC entry 3237 (class 2606 OID 25923)
-- Name: spatii fkih8wqg7s5l24cha6fx2xcp6tl; Type: FK CONSTRAINT; Schema: public; Owner: -
--

ALTER TABLE ONLY public.spatii
    ADD CONSTRAINT fkih8wqg7s5l24cha6fx2xcp6tl FOREIGN KEY (id_tip) REFERENCES public.tipuri_spatii(id_tip);


--
-- TOC entry 3232 (class 2606 OID 25969)
-- Name: plati fkra94ynics7um41m13ex69m36b; Type: FK CONSTRAINT; Schema: public; Owner: -
--

ALTER TABLE ONLY public.plati
    ADD CONSTRAINT fkra94ynics7um41m13ex69m36b FOREIGN KEY (id_rezervare) REFERENCES public.rezervari(id_rezervare) ON DELETE CASCADE;


--
-- TOC entry 3234 (class 2606 OID 25903)
-- Name: recenzii fkt0i8578jqkinjetsmlfnbkg1l; Type: FK CONSTRAINT; Schema: public; Owner: -
--

ALTER TABLE ONLY public.recenzii
    ADD CONSTRAINT fkt0i8578jqkinjetsmlfnbkg1l FOREIGN KEY (id_spatiu) REFERENCES public.spatii(id_spatiu);


--
-- TOC entry 3230 (class 2606 OID 16451)
-- Name: spatii_facilitati spatii_facilitati_id_facilitate_fkey; Type: FK CONSTRAINT; Schema: public; Owner: -
--

ALTER TABLE ONLY public.spatii_facilitati
    ADD CONSTRAINT spatii_facilitati_id_facilitate_fkey FOREIGN KEY (id_facilitate) REFERENCES public.facilitati(id_facilitate) ON DELETE CASCADE;


-- Completed on 2026-01-23 21:40:07

--
-- PostgreSQL database dump complete
--

\unrestrict VkcpCUE6dwmgIiuynbaA0d61axHWUioR3CxJDIBzy6eXrKoxCPfdlAmlyIqnu9h

